"file","link_value","resolved_path","status","exists"
"D:\Workarea\StudyBook\study_maps\IaC\TerraForm\course\10_interview_qa_consolidation\index.html","../../docs/TERRAFORM_INTERVIEW_QA_CONSOLIDATION.md","D:\Workarea\StudyBook\study_maps\IaC\TerraForm\docs\TERRAFORM_INTERVIEW_QA_CONSOLIDATION.md","ok","True"
"D:\Workarea\StudyBook\study_maps\IaC\TerraForm\course\10_interview_qa_consolidation\index.html","../../index.html","D:\Workarea\StudyBook\study_maps\IaC\TerraForm\index.html","ok","True"
"D:\Workarea\StudyBook\study_maps\IaC\TerraForm\course\10_interview_qa_consolidation\index.html","../../outputs/iac_why_terraform_exists.html","D:\Workarea\StudyBook\study_maps\IaC\TerraForm\outputs\iac_why_terraform_exists.html","ok","True"
"D:\Workarea\StudyBook\study_maps\IaC\TerraForm\course\10_interview_qa_consolidation\index.html","../../outputs/terraform_1000_foot_view.html","D:\Workarea\StudyBook\study_maps\IaC\TerraForm\outputs\terraform_1000_foot_view.html","ok","True"
"D:\Workarea\StudyBook\study_maps\IaC\TerraForm\course\10_interview_qa_consolidation\index.html","../../outputs/terraform_aws_observability_interview_bridge.html","D:\Workarea\StudyBook\study_maps\IaC\TerraForm\outputs\terraform_aws_observability_interview_bridge.html","ok","True"
"D:\Workarea\StudyBook\study_maps\IaC\TerraForm\course\10_interview_qa_consolidation\index.html","../../outputs/terraform_core_workflow.html","D:\Workarea\StudyBook\study_maps\IaC\TerraForm\outputs\terraform_core_workflow.html","ok","True"
"D:\Workarea\StudyBook\study_maps\IaC\TerraForm\course\10_interview_qa_consolidation\index.html","../../outputs/terraform_environments_workspaces.html","D:\Workarea\StudyBook\study_maps\IaC\TerraForm\outputs\terraform_environments_workspaces.html","ok","True"
"D:\Workarea\StudyBook\study_maps\IaC\TerraForm\course\10_interview_qa_consolidation\index.html","../../outputs/terraform_modules_reuse.html","D:\Workarea\StudyBook\study_maps\IaC\TerraForm\outputs\terraform_modules_reuse.html","ok","True"
"D:\Workarea\StudyBook\study_maps\IaC\TerraForm\course\10_interview_qa_consolidation\index.html","../../outputs/terraform_providers_resources.html","D:\Workarea\StudyBook\study_maps\IaC\TerraForm\outputs\terraform_providers_resources.html","ok","True"
"D:\Workarea\StudyBook\study_maps\IaC\TerraForm\course\10_interview_qa_consolidation\index.html","../../outputs/terraform_safety_team_workflow_cicd.html","D:\Workarea\StudyBook\study_maps\IaC\TerraForm\outputs\terraform_safety_team_workflow_cicd.html","ok","True"
"D:\Workarea\StudyBook\study_maps\IaC\TerraForm\course\10_interview_qa_consolidation\index.html","../../outputs/terraform_state_drift_backends.html","D:\Workarea\StudyBook\study_maps\IaC\TerraForm\outputs\terraform_state_drift_backends.html","ok","True"
"D:\Workarea\StudyBook\study_maps\IaC\TerraForm\course\10_interview_qa_consolidation\index.html","../../outputs/terraform_variables_outputs_locals.html","D:\Workarea\StudyBook\study_maps\IaC\TerraForm\outputs\terraform_variables_outputs_locals.html","ok","True"
"D:\Workarea\StudyBook\study_maps\IaC\TerraForm\course\10_interview_qa_consolidation\index.html","../09_aws_observability_interview_bridge/interview/interview_answers.md","D:\Workarea\StudyBook\study_maps\IaC\TerraForm\course\09_aws_observability_interview_bridge\interview\interview_answers.md","ok","True"
"D:\Workarea\StudyBook\study_maps\IaC\TerraForm\course\10_interview_qa_consolidation\index.html","../09_aws_observability_interview_bridge/interview/safe_positioning.md","D:\Workarea\StudyBook\study_maps\IaC\TerraForm\course\09_aws_observability_interview_bridge\interview\safe_positioning.md","ok","True"
"D:\Workarea\StudyBook\study_maps\IaC\TerraForm\course\10_interview_qa_consolidation\index.html","#liners","__EXTERNAL__","external-or-anchor","True"
"D:\Workarea\StudyBook\study_maps\IaC\TerraForm\course\10_interview_qa_consolidation\index.html","#mapindex","__EXTERNAL__","external-or-anchor","True"
"D:\Workarea\StudyBook\study_maps\IaC\TerraForm\course\10_interview_qa_consolidation\index.html","#pivots","__EXTERNAL__","external-or-anchor","True"
"D:\Workarea\StudyBook\study_maps\IaC\TerraForm\course\10_interview_qa_consolidation\index.html","#qa50","__EXTERNAL__","external-or-anchor","True"
"D:\Workarea\StudyBook\study_maps\IaC\TerraForm\course\10_interview_qa_consolidation\index.html","#script5","__EXTERNAL__","external-or-anchor","True"
"D:\Workarea\StudyBook\study_maps\IaC\TerraForm\course\10_interview_qa_consolidation\index.html","#story2","__EXTERNAL__","external-or-anchor","True"
"D:\Workarea\StudyBook\study_maps\IaC\TerraForm\course\10_interview_qa_consolidation\index.html","#story30","__EXTERNAL__","external-or-anchor","True"
"D:\Workarea\StudyBook\study_maps\IaC\TerraForm\course\10_interview_qa_consolidation\index.html","#traps","__EXTERNAL__","external-or-anchor","True"
"D:\Workarea\StudyBook\study_maps\IaC\TerraForm\course\10_interview_qa_consolidation\README.md","../../docs/TERRAFORM_INTERVIEW_QA_CONSOLIDATION.md","D:\Workarea\StudyBook\study_maps\IaC\TerraForm\docs\TERRAFORM_INTERVIEW_QA_CONSOLIDATION.md","ok","True"
"D:\Workarea\StudyBook\study_maps\IaC\TerraForm\course\10_interview_qa_consolidation\README.md","../../index.html","D:\Workarea\StudyBook\study_maps\IaC\TerraForm\index.html","ok","True"
"D:\Workarea\StudyBook\study_maps\IaC\TerraForm\course\10_interview_qa_consolidation\README.md","../../outputs/terraform_1000_foot_view.html","D:\Workarea\StudyBook\study_maps\IaC\TerraForm\outputs\terraform_1000_foot_view.html","ok","True"
"D:\Workarea\StudyBook\study_maps\IaC\TerraForm\course\10_interview_qa_consolidation\README.md","../../outputs/terraform_aws_observability_interview_bridge.html","D:\Workarea\StudyBook\study_maps\IaC\TerraForm\outputs\terraform_aws_observability_interview_bridge.html","ok","True"
"D:\Workarea\StudyBook\study_maps\IaC\TerraForm\course\10_interview_qa_consolidation\README.md","../../outputs/terraform_core_workflow.html","D:\Workarea\StudyBook\study_maps\IaC\TerraForm\outputs\terraform_core_workflow.html","ok","True"
"D:\Workarea\StudyBook\study_maps\IaC\TerraForm\course\10_interview_qa_consolidation\README.md","../../outputs/terraform_safety_team_workflow_cicd.html","D:\Workarea\StudyBook\study_maps\IaC\TerraForm\outputs\terraform_safety_team_workflow_cicd.html","ok","True"
"D:\Workarea\StudyBook\study_maps\IaC\TerraForm\course\10_interview_qa_consolidation\README.md","../../outputs/terraform_state_drift_backends.html","D:\Workarea\StudyBook\study_maps\IaC\TerraForm\outputs\terraform_state_drift_backends.html","ok","True"
"D:\Workarea\StudyBook\study_maps\IaC\TerraForm\course\10_interview_qa_consolidation\README.md","index.html","D:\Workarea\StudyBook\study_maps\IaC\TerraForm\course\10_interview_qa_consolidation\index.html","ok","True"
"D:\Workarea\StudyBook\study_maps\IaC\TerraForm\course\11_interview_flashcards\index.html","../../docs/TERRAFORM_INTERVIEW_QA_CONSOLIDATION.md","D:\Workarea\StudyBook\study_maps\IaC\TerraForm\docs\TERRAFORM_INTERVIEW_QA_CONSOLIDATION.md","ok","True"
"D:\Workarea\StudyBook\study_maps\IaC\TerraForm\course\11_interview_flashcards\index.html","../../index.html","D:\Workarea\StudyBook\study_maps\IaC\TerraForm\index.html","ok","True"
"D:\Workarea\StudyBook\study_maps\IaC\TerraForm\course\11_interview_flashcards\index.html","../../outputs/terraform_1000_foot_view.html","D:\Workarea\StudyBook\study_maps\IaC\TerraForm\outputs\terraform_1000_foot_view.html","ok","True"
"D:\Workarea\StudyBook\study_maps\IaC\TerraForm\course\11_interview_flashcards\index.html","../../outputs/terraform_aws_observability_interview_bridge.html","D:\Workarea\StudyBook\study_maps\IaC\TerraForm\outputs\terraform_aws_observability_interview_bridge.html","ok","True"
"D:\Workarea\StudyBook\study_maps\IaC\TerraForm\course\11_interview_flashcards\index.html","../../outputs/terraform_core_workflow.html","D:\Workarea\StudyBook\study_maps\IaC\TerraForm\outputs\terraform_core_workflow.html","ok","True"
"D:\Workarea\StudyBook\study_maps\IaC\TerraForm\course\11_interview_flashcards\index.html","../../outputs/terraform_safety_team_workflow_cicd.html","D:\Workarea\StudyBook\study_maps\IaC\TerraForm\outputs\terraform_safety_team_workflow_cicd.html","ok","True"
"D:\Workarea\StudyBook\study_maps\IaC\TerraForm\course\11_interview_flashcards\index.html","../../outputs/terraform_state_drift_backends.html","D:\Workarea\StudyBook\study_maps\IaC\TerraForm\outputs\terraform_state_drift_backends.html","ok","True"
"D:\Workarea\StudyBook\study_maps\IaC\TerraForm\course\11_interview_flashcards\index.html","../09_aws_observability_interview_bridge/interview/safe_positioning.md","D:\Workarea\StudyBook\study_maps\IaC\TerraForm\course\09_aws_observability_interview_bridge\interview\safe_positioning.md","ok","True"
"D:\Workarea\StudyBook\study_maps\IaC\TerraForm\course\11_interview_flashcards\index.html","../10_interview_qa_consolidation/index.html","D:\Workarea\StudyBook\study_maps\IaC\TerraForm\course\10_interview_qa_consolidation\index.html","ok","True"
"D:\Workarea\StudyBook\study_maps\IaC\TerraForm\course\11_interview_flashcards\README.md","../../docs/TERRAFORM_INTERVIEW_QA_CONSOLIDATION.md","D:\Workarea\StudyBook\study_maps\IaC\TerraForm\docs\TERRAFORM_INTERVIEW_QA_CONSOLIDATION.md","ok","True"
"D:\Workarea\StudyBook\study_maps\IaC\TerraForm\course\11_interview_flashcards\README.md","../../index.html","D:\Workarea\StudyBook\study_maps\IaC\TerraForm\index.html","ok","True"
"D:\Workarea\StudyBook\study_maps\IaC\TerraForm\course\11_interview_flashcards\README.md","../10_interview_qa_consolidation/index.html","D:\Workarea\StudyBook\study_maps\IaC\TerraForm\course\10_interview_qa_consolidation\index.html","ok","True"
"D:\Workarea\StudyBook\study_maps\IaC\TerraForm\course\11_interview_flashcards\README.md","index.html","D:\Workarea\StudyBook\study_maps\IaC\TerraForm\course\11_interview_flashcards\index.html","ok","True"
"D:\Workarea\StudyBook\study_maps\IaC\TerraForm\index.html","../../../tutorials/IaC/TerraForm/index.html","D:\Workarea\StudyBook\tutorials\IaC\TerraForm\index.html","ok","True"
"D:\Workarea\StudyBook\study_maps\IaC\TerraForm\index.html","course/09_aws_observability_interview_bridge/interview/safe_positioning.md","D:\Workarea\StudyBook\study_maps\IaC\TerraForm\course\09_aws_observability_interview_bridge\interview\safe_positioning.md","ok","True"
"D:\Workarea\StudyBook\study_maps\IaC\TerraForm\index.html","course/10_interview_qa_consolidation/index.html","D:\Workarea\StudyBook\study_maps\IaC\TerraForm\course\10_interview_qa_consolidation\index.html","ok","True"
"D:\Workarea\StudyBook\study_maps\IaC\TerraForm\index.html","course/11_interview_flashcards/index.html","D:\Workarea\StudyBook\study_maps\IaC\TerraForm\course\11_interview_flashcards\index.html","ok","True"
"D:\Workarea\StudyBook\study_maps\IaC\TerraForm\index.html","outputs/iac_why_terraform_exists.html","D:\Workarea\StudyBook\study_maps\IaC\TerraForm\outputs\iac_why_terraform_exists.html","ok","True"
"D:\Workarea\StudyBook\study_maps\IaC\TerraForm\index.html","outputs/terraform_1000_foot_view.html","D:\Workarea\StudyBook\study_maps\IaC\TerraForm\outputs\terraform_1000_foot_view.html","ok","True"
"D:\Workarea\StudyBook\study_maps\IaC\TerraForm\index.html","outputs/terraform_aws_observability_interview_bridge.html","D:\Workarea\StudyBook\study_maps\IaC\TerraForm\outputs\terraform_aws_observability_interview_bridge.html","ok","True"
"D:\Workarea\StudyBook\study_maps\IaC\TerraForm\index.html","outputs/terraform_core_workflow.html","D:\Workarea\StudyBook\study_maps\IaC\TerraForm\outputs\terraform_core_workflow.html","ok","True"
"D:\Workarea\StudyBook\study_maps\IaC\TerraForm\index.html","outputs/terraform_environments_workspaces.html","D:\Workarea\StudyBook\study_maps\IaC\TerraForm\outputs\terraform_environments_workspaces.html","ok","True"
"D:\Workarea\StudyBook\study_maps\IaC\TerraForm\index.html","outputs/terraform_modules_reuse.html","D:\Workarea\StudyBook\study_maps\IaC\TerraForm\outputs\terraform_modules_reuse.html","ok","True"
"D:\Workarea\StudyBook\study_maps\IaC\TerraForm\index.html","outputs/terraform_providers_resources.html","D:\Workarea\StudyBook\study_maps\IaC\TerraForm\outputs\terraform_providers_resources.html","ok","True"
"D:\Workarea\StudyBook\study_maps\IaC\TerraForm\index.html","outputs/terraform_safety_team_workflow_cicd.html","D:\Workarea\StudyBook\study_maps\IaC\TerraForm\outputs\terraform_safety_team_workflow_cicd.html","ok","True"
"D:\Workarea\StudyBook\study_maps\IaC\TerraForm\index.html","outputs/terraform_state_drift_backends.html","D:\Workarea\StudyBook\study_maps\IaC\TerraForm\outputs\terraform_state_drift_backends.html","ok","True"
"D:\Workarea\StudyBook\study_maps\IaC\TerraForm\index.html","outputs/terraform_variables_outputs_locals.html","D:\Workarea\StudyBook\study_maps\IaC\TerraForm\outputs\terraform_variables_outputs_locals.html","ok","True"
"D:\Workarea\StudyBook\study_maps\IaC\TerraForm\index.html","study_pages/00_iac_why_terraform_exists/index.html","D:\Workarea\StudyBook\study_maps\IaC\TerraForm\study_pages\00_iac_why_terraform_exists\index.html","ok","True"
"D:\Workarea\StudyBook\study_maps\IaC\TerraForm\index.html","study_pages/01_terraform_1000_foot_view/index.html","D:\Workarea\StudyBook\study_maps\IaC\TerraForm\study_pages\01_terraform_1000_foot_view\index.html","ok","True"
"D:\Workarea\StudyBook\study_maps\IaC\TerraForm\index.html","study_pages/03_core_workflow/index.html","D:\Workarea\StudyBook\study_maps\IaC\TerraForm\study_pages\03_core_workflow\index.html","ok","True"
"D:\Workarea\StudyBook\study_maps\IaC\TerraForm\study_pages\00_iac_why_terraform_exists\index.html","../../outputs/iac_why_terraform_exists.html","D:\Workarea\StudyBook\study_maps\IaC\TerraForm\outputs\iac_why_terraform_exists.html","ok","True"
"D:\Workarea\StudyBook\study_maps\IaC\TerraForm\study_pages\00_iac_why_terraform_exists\index.html","../../outputs/terraform_1000_foot_view.html","D:\Workarea\StudyBook\study_maps\IaC\TerraForm\outputs\terraform_1000_foot_view.html","ok","True"
"D:\Workarea\StudyBook\study_maps\IaC\TerraForm\study_pages\01_terraform_1000_foot_view\index.html","../../outputs/iac_why_terraform_exists.html","D:\Workarea\StudyBook\study_maps\IaC\TerraForm\outputs\iac_why_terraform_exists.html","ok","True"
"D:\Workarea\StudyBook\study_maps\IaC\TerraForm\study_pages\01_terraform_1000_foot_view\index.html","../../outputs/terraform_1000_foot_view.html","D:\Workarea\StudyBook\study_maps\IaC\TerraForm\outputs\terraform_1000_foot_view.html","ok","True"
"D:\Workarea\StudyBook\study_maps\IaC\TerraForm\study_pages\01_terraform_1000_foot_view\index.html","../../outputs/terraform_core_workflow.html","D:\Workarea\StudyBook\study_maps\IaC\TerraForm\outputs\terraform_core_workflow.html","ok","True"
"D:\Workarea\StudyBook\study_maps\IaC\TerraForm\study_pages\01_terraform_1000_foot_view\index.html","../../outputs/terraform_providers_resources.html","D:\Workarea\StudyBook\study_maps\IaC\TerraForm\outputs\terraform_providers_resources.html","ok","True"
"D:\Workarea\StudyBook\study_maps\IaC\TerraForm\study_pages\01_terraform_1000_foot_view\index.html","../../outputs/terraform_state_drift_backends.html","D:\Workarea\StudyBook\study_maps\IaC\TerraForm\outputs\terraform_state_drift_backends.html","ok","True"
"D:\Workarea\StudyBook\study_maps\IaC\TerraForm\study_pages\03_core_workflow\index.html","../../../../../study_maps/IaC/TerraForm/outputs/terraform_1000_foot_view.html","D:\Workarea\StudyBook\study_maps\IaC\TerraForm\outputs\terraform_1000_foot_view.html","ok","True"
"D:\Workarea\StudyBook\study_maps\IaC\TerraForm\study_pages\03_core_workflow\index.html","../../../../../study_maps/IaC/TerraForm/outputs/terraform_core_workflow.html","D:\Workarea\StudyBook\study_maps\IaC\TerraForm\outputs\terraform_core_workflow.html","ok","True"
"D:\Workarea\StudyBook\study_maps\IaC\TerraForm\topics\iac_why_terraform_exists.studybubble.json","../index.html","D:\Workarea\StudyBook\study_maps\IaC\TerraForm\index.html","ok","True"
"D:\Workarea\StudyBook\study_maps\IaC\TerraForm\topics\iac_why_terraform_exists.studybubble.json","../study_pages/00_iac_why_terraform_exists/index.html","D:\Workarea\StudyBook\study_maps\IaC\TerraForm\study_pages\00_iac_why_terraform_exists\index.html","ok","True"
"D:\Workarea\StudyBook\study_maps\IaC\TerraForm\topics\terraform_1000_foot_view.studybubble.json","../index.html","D:\Workarea\StudyBook\study_maps\IaC\TerraForm\index.html","ok","True"
"D:\Workarea\StudyBook\study_maps\IaC\TerraForm\topics\terraform_1000_foot_view.studybubble.json","../study_pages/01_terraform_1000_foot_view/index.html","D:\Workarea\StudyBook\study_maps\IaC\TerraForm\study_pages\01_terraform_1000_foot_view\index.html","ok","True"
"D:\Workarea\StudyBook\study_maps\IaC\TerraForm\topics\terraform_1000_foot_view.studybubble.json","../study_pages/03_core_workflow/index.html","D:\Workarea\StudyBook\study_maps\IaC\TerraForm\study_pages\03_core_workflow\index.html","ok","True"
"D:\Workarea\StudyBook\study_maps\IaC\TerraForm\topics\terraform_aws_observability_interview_bridge.studybubble.json","../../../../tutorials/IaC/TerraForm/09_aws_observability_interview_bridge/index.html","D:\Workarea\StudyBook\tutorials\IaC\TerraForm\09_aws_observability_interview_bridge\index.html","ok","True"
"D:\Workarea\StudyBook\study_maps\IaC\TerraForm\topics\terraform_aws_observability_interview_bridge.studybubble.json","../../../../tutorials/IaC/TerraForm/09_aws_observability_interview_bridge/README.md","D:\Workarea\StudyBook\tutorials\IaC\TerraForm\09_aws_observability_interview_bridge\README.md","ok","True"
"D:\Workarea\StudyBook\study_maps\IaC\TerraForm\topics\terraform_aws_observability_interview_bridge.studybubble.json","../index.html","D:\Workarea\StudyBook\study_maps\IaC\TerraForm\index.html","ok","True"
"D:\Workarea\StudyBook\study_maps\IaC\TerraForm\topics\terraform_core_workflow.studybubble.json","../../../../tutorials/IaC/TerraForm/02_core_workflow/index.html","D:\Workarea\StudyBook\tutorials\IaC\TerraForm\02_core_workflow\index.html","ok","True"
"D:\Workarea\StudyBook\study_maps\IaC\TerraForm\topics\terraform_core_workflow.studybubble.json","../../../../tutorials/IaC/TerraForm/02_core_workflow/README.md","D:\Workarea\StudyBook\tutorials\IaC\TerraForm\02_core_workflow\README.md","ok","True"
"D:\Workarea\StudyBook\study_maps\IaC\TerraForm\topics\terraform_core_workflow.studybubble.json","../index.html","D:\Workarea\StudyBook\study_maps\IaC\TerraForm\index.html","ok","True"
"D:\Workarea\StudyBook\study_maps\IaC\TerraForm\topics\terraform_core_workflow.studybubble.json","../study_pages/03_core_workflow/index.html","D:\Workarea\StudyBook\study_maps\IaC\TerraForm\study_pages\03_core_workflow\index.html","ok","True"
"D:\Workarea\StudyBook\study_maps\IaC\TerraForm\topics\terraform_environments_workspaces.studybubble.json","../../../../tutorials/IaC/TerraForm/07_environments_workspaces/index.html","D:\Workarea\StudyBook\tutorials\IaC\TerraForm\07_environments_workspaces\index.html","ok","True"
"D:\Workarea\StudyBook\study_maps\IaC\TerraForm\topics\terraform_environments_workspaces.studybubble.json","../../../../tutorials/IaC/TerraForm/07_environments_workspaces/README.md","D:\Workarea\StudyBook\tutorials\IaC\TerraForm\07_environments_workspaces\README.md","ok","True"
"D:\Workarea\StudyBook\study_maps\IaC\TerraForm\topics\terraform_environments_workspaces.studybubble.json","../index.html","D:\Workarea\StudyBook\study_maps\IaC\TerraForm\index.html","ok","True"
"D:\Workarea\StudyBook\study_maps\IaC\TerraForm\topics\terraform_modules_reuse.studybubble.json","../../../../tutorials/IaC/TerraForm/06_modules_reuse/index.html","D:\Workarea\StudyBook\tutorials\IaC\TerraForm\06_modules_reuse\index.html","ok","True"
"D:\Workarea\StudyBook\study_maps\IaC\TerraForm\topics\terraform_modules_reuse.studybubble.json","../../../../tutorials/IaC/TerraForm/06_modules_reuse/README.md","D:\Workarea\StudyBook\tutorials\IaC\TerraForm\06_modules_reuse\README.md","ok","True"
"D:\Workarea\StudyBook\study_maps\IaC\TerraForm\topics\terraform_modules_reuse.studybubble.json","../index.html","D:\Workarea\StudyBook\study_maps\IaC\TerraForm\index.html","ok","True"
"D:\Workarea\StudyBook\study_maps\IaC\TerraForm\topics\terraform_providers_resources.studybubble.json","../../../../tutorials/IaC/TerraForm/04_providers_resources/index.html","D:\Workarea\StudyBook\tutorials\IaC\TerraForm\04_providers_resources\index.html","ok","True"
"D:\Workarea\StudyBook\study_maps\IaC\TerraForm\topics\terraform_providers_resources.studybubble.json","../../../../tutorials/IaC/TerraForm/04_providers_resources/README.md","D:\Workarea\StudyBook\tutorials\IaC\TerraForm\04_providers_resources\README.md","ok","True"
"D:\Workarea\StudyBook\study_maps\IaC\TerraForm\topics\terraform_providers_resources.studybubble.json","../index.html","D:\Workarea\StudyBook\study_maps\IaC\TerraForm\index.html","ok","True"
"D:\Workarea\StudyBook\study_maps\IaC\TerraForm\topics\terraform_safety_team_workflow_cicd.studybubble.json","../../../../tutorials/IaC/TerraForm/08_safety_team_workflow_cicd/index.html","D:\Workarea\StudyBook\tutorials\IaC\TerraForm\08_safety_team_workflow_cicd\index.html","ok","True"
"D:\Workarea\StudyBook\study_maps\IaC\TerraForm\topics\terraform_safety_team_workflow_cicd.studybubble.json","../../../../tutorials/IaC/TerraForm/08_safety_team_workflow_cicd/README.md","D:\Workarea\StudyBook\tutorials\IaC\TerraForm\08_safety_team_workflow_cicd\README.md","ok","True"
"D:\Workarea\StudyBook\study_maps\IaC\TerraForm\topics\terraform_safety_team_workflow_cicd.studybubble.json","../index.html","D:\Workarea\StudyBook\study_maps\IaC\TerraForm\index.html","ok","True"
"D:\Workarea\StudyBook\study_maps\IaC\TerraForm\topics\terraform_state_drift_backends.studybubble.json","../../../../tutorials/IaC/TerraForm/03_state_drift_backends/index.html","D:\Workarea\StudyBook\tutorials\IaC\TerraForm\03_state_drift_backends\index.html","ok","True"
"D:\Workarea\StudyBook\study_maps\IaC\TerraForm\topics\terraform_state_drift_backends.studybubble.json","../../../../tutorials/IaC/TerraForm/03_state_drift_backends/README.md","D:\Workarea\StudyBook\tutorials\IaC\TerraForm\03_state_drift_backends\README.md","ok","True"
"D:\Workarea\StudyBook\study_maps\IaC\TerraForm\topics\terraform_state_drift_backends.studybubble.json","../index.html","D:\Workarea\StudyBook\study_maps\IaC\TerraForm\index.html","ok","True"
"D:\Workarea\StudyBook\study_maps\IaC\TerraForm\topics\terraform_variables_outputs_locals.studybubble.json","../../../../tutorials/IaC/TerraForm/05_variables_outputs_locals/index.html","D:\Workarea\StudyBook\tutorials\IaC\TerraForm\05_variables_outputs_locals\index.html","ok","True"
"D:\Workarea\StudyBook\study_maps\IaC\TerraForm\topics\terraform_variables_outputs_locals.studybubble.json","../../../../tutorials/IaC/TerraForm/05_variables_outputs_locals/README.md","D:\Workarea\StudyBook\tutorials\IaC\TerraForm\05_variables_outputs_locals\README.md","ok","True"
"D:\Workarea\StudyBook\study_maps\IaC\TerraForm\topics\terraform_variables_outputs_locals.studybubble.json","../index.html","D:\Workarea\StudyBook\study_maps\IaC\TerraForm\index.html","ok","True"
