previous_frame,current_frame,changed_pixel_ratio,classification
frame_0001.jpg,frame_0002.jpg,0.0,same_build_sequence
frame_0002.jpg,frame_0003.jpg,0.0,same_build_sequence
frame_0003.jpg,frame_0004.jpg,0.03434,same_build_sequence
frame_0004.jpg,frame_0005.jpg,0.009375,same_build_sequence
frame_0005.jpg,frame_0006.jpg,0.0,same_build_sequence
frame_0006.jpg,frame_0007.jpg,0.0,same_build_sequence
frame_0007.jpg,frame_0008.jpg,0.0,same_build_sequence
frame_0008.jpg,frame_0009.jpg,0.064444,new_slide
frame_0009.jpg,frame_0010.jpg,0.022292,same_build_sequence
frame_0010.jpg,frame_0011.jpg,0.013507,same_build_sequence
frame_0011.jpg,frame_0012.jpg,0.0,same_build_sequence
frame_0012.jpg,frame_0013.jpg,0.0,same_build_sequence
frame_0013.jpg,frame_0014.jpg,0.0,same_build_sequence
frame_0014.jpg,frame_0015.jpg,0.0,same_build_sequence
frame_0015.jpg,frame_0016.jpg,0.0,same_build_sequence
frame_0016.jpg,frame_0017.jpg,0.019635,same_build_sequence
frame_0017.jpg,frame_0018.jpg,0.0,same_build_sequence
frame_0018.jpg,frame_0019.jpg,0.0,same_build_sequence
frame_0019.jpg,frame_0020.jpg,0.0,same_build_sequence
frame_0020.jpg,frame_0021.jpg,0.0,same_build_sequence
frame_0021.jpg,frame_0022.jpg,0.0,same_build_sequence
frame_0022.jpg,frame_0023.jpg,0.0,same_build_sequence
frame_0023.jpg,frame_0024.jpg,0.0,same_build_sequence
frame_0024.jpg,frame_0025.jpg,0.0,same_build_sequence
frame_0025.jpg,frame_0026.jpg,0.0,same_build_sequence
frame_0026.jpg,frame_0027.jpg,0.0,same_build_sequence
frame_0027.jpg,frame_0028.jpg,0.0,same_build_sequence
frame_0028.jpg,frame_0029.jpg,0.0,same_build_sequence
frame_0029.jpg,frame_0030.jpg,0.0,same_build_sequence
frame_0030.jpg,frame_0031.jpg,0.0,same_build_sequence
frame_0031.jpg,frame_0032.jpg,0.0,same_build_sequence
frame_0032.jpg,frame_0033.jpg,0.0,same_build_sequence
frame_0033.jpg,frame_0034.jpg,0.0,same_build_sequence
frame_0034.jpg,frame_0035.jpg,0.0,same_build_sequence
frame_0035.jpg,frame_0036.jpg,0.0,same_build_sequence
frame_0036.jpg,frame_0037.jpg,0.0,same_build_sequence
frame_0037.jpg,frame_0038.jpg,0.0,same_build_sequence
frame_0038.jpg,frame_0039.jpg,0.0,same_build_sequence
frame_0039.jpg,frame_0040.jpg,0.0,same_build_sequence
frame_0040.jpg,frame_0041.jpg,0.000174,same_build_sequence
frame_0041.jpg,frame_0042.jpg,0.015434,same_build_sequence
frame_0042.jpg,frame_0043.jpg,0.0,same_build_sequence
frame_0043.jpg,frame_0044.jpg,0.0,same_build_sequence
frame_0044.jpg,frame_0045.jpg,0.0,same_build_sequence
frame_0045.jpg,frame_0046.jpg,0.0,same_build_sequence
frame_0046.jpg,frame_0047.jpg,0.0,same_build_sequence
frame_0047.jpg,frame_0048.jpg,0.0,same_build_sequence
frame_0048.jpg,frame_0049.jpg,0.0,same_build_sequence
frame_0049.jpg,frame_0050.jpg,0.0,same_build_sequence
frame_0050.jpg,frame_0051.jpg,0.0,same_build_sequence
frame_0051.jpg,frame_0052.jpg,0.0,same_build_sequence
frame_0052.jpg,frame_0053.jpg,0.0,same_build_sequence
frame_0053.jpg,frame_0054.jpg,0.0,same_build_sequence
frame_0054.jpg,frame_0055.jpg,0.0,same_build_sequence
frame_0055.jpg,frame_0056.jpg,0.0,same_build_sequence
frame_0056.jpg,frame_0057.jpg,0.0,same_build_sequence
frame_0057.jpg,frame_0058.jpg,0.0,same_build_sequence
frame_0058.jpg,frame_0059.jpg,0.0,same_build_sequence
frame_0059.jpg,frame_0060.jpg,0.0,same_build_sequence
frame_0060.jpg,frame_0061.jpg,0.0,same_build_sequence
frame_0061.jpg,frame_0062.jpg,0.0,same_build_sequence
frame_0062.jpg,frame_0063.jpg,0.0,same_build_sequence
frame_0063.jpg,frame_0064.jpg,0.0,same_build_sequence
frame_0064.jpg,frame_0065.jpg,0.0,same_build_sequence
frame_0065.jpg,frame_0066.jpg,0.0,same_build_sequence
frame_0066.jpg,frame_0067.jpg,0.0,same_build_sequence
frame_0067.jpg,frame_0068.jpg,0.0,same_build_sequence
frame_0068.jpg,frame_0069.jpg,0.0,same_build_sequence
frame_0069.jpg,frame_0070.jpg,0.0,same_build_sequence
frame_0070.jpg,frame_0071.jpg,0.0,same_build_sequence
frame_0071.jpg,frame_0072.jpg,0.016927,same_build_sequence
frame_0072.jpg,frame_0073.jpg,0.0,same_build_sequence
frame_0073.jpg,frame_0074.jpg,0.0,same_build_sequence
frame_0074.jpg,frame_0075.jpg,0.0,same_build_sequence
frame_0075.jpg,frame_0076.jpg,0.0,same_build_sequence
frame_0076.jpg,frame_0077.jpg,0.0,same_build_sequence
frame_0077.jpg,frame_0078.jpg,0.0,same_build_sequence
frame_0078.jpg,frame_0079.jpg,0.0,same_build_sequence
frame_0079.jpg,frame_0080.jpg,0.0,same_build_sequence
frame_0080.jpg,frame_0081.jpg,0.0,same_build_sequence
frame_0081.jpg,frame_0082.jpg,0.0,same_build_sequence
frame_0082.jpg,frame_0083.jpg,0.0,same_build_sequence
frame_0083.jpg,frame_0084.jpg,0.0,same_build_sequence
frame_0084.jpg,frame_0085.jpg,0.0,same_build_sequence
frame_0085.jpg,frame_0086.jpg,0.0,same_build_sequence
frame_0086.jpg,frame_0087.jpg,0.0,same_build_sequence
frame_0087.jpg,frame_0088.jpg,0.0,same_build_sequence
frame_0088.jpg,frame_0089.jpg,0.0,same_build_sequence
frame_0089.jpg,frame_0090.jpg,0.0,same_build_sequence
frame_0090.jpg,frame_0091.jpg,0.0,same_build_sequence
frame_0091.jpg,frame_0092.jpg,0.0,same_build_sequence
frame_0092.jpg,frame_0093.jpg,0.0,same_build_sequence
frame_0093.jpg,frame_0094.jpg,0.0,same_build_sequence
frame_0094.jpg,frame_0095.jpg,0.0,same_build_sequence
frame_0095.jpg,frame_0096.jpg,0.0,same_build_sequence
frame_0096.jpg,frame_0097.jpg,0.0,same_build_sequence
frame_0097.jpg,frame_0098.jpg,0.0,same_build_sequence
frame_0098.jpg,frame_0099.jpg,0.0,same_build_sequence
frame_0099.jpg,frame_0100.jpg,0.0,same_build_sequence
frame_0100.jpg,frame_0101.jpg,0.0,same_build_sequence
frame_0101.jpg,frame_0102.jpg,0.0,same_build_sequence
frame_0102.jpg,frame_0103.jpg,0.0,same_build_sequence
frame_0103.jpg,frame_0104.jpg,0.01401,same_build_sequence
frame_0104.jpg,frame_0105.jpg,0.011233,same_build_sequence
frame_0105.jpg,frame_0106.jpg,0.0,same_build_sequence
frame_0106.jpg,frame_0107.jpg,0.0,same_build_sequence
frame_0107.jpg,frame_0108.jpg,0.0,same_build_sequence
frame_0108.jpg,frame_0109.jpg,0.0,same_build_sequence
frame_0109.jpg,frame_0110.jpg,0.0,same_build_sequence
frame_0110.jpg,frame_0111.jpg,0.0,same_build_sequence
frame_0111.jpg,frame_0112.jpg,0.102604,new_slide
frame_0112.jpg,frame_0113.jpg,0.158507,new_slide
frame_0113.jpg,frame_0114.jpg,0.153385,new_slide
frame_0114.jpg,frame_0115.jpg,0.0,same_build_sequence
frame_0115.jpg,frame_0116.jpg,0.0,same_build_sequence
frame_0116.jpg,frame_0117.jpg,0.0,same_build_sequence
frame_0117.jpg,frame_0118.jpg,0.0,same_build_sequence
frame_0118.jpg,frame_0119.jpg,0.0,same_build_sequence
frame_0119.jpg,frame_0120.jpg,0.0,same_build_sequence
frame_0120.jpg,frame_0121.jpg,0.0,same_build_sequence
frame_0121.jpg,frame_0122.jpg,0.0,same_build_sequence
frame_0122.jpg,frame_0123.jpg,0.0,same_build_sequence
frame_0123.jpg,frame_0124.jpg,0.0,same_build_sequence
frame_0124.jpg,frame_0125.jpg,0.0,same_build_sequence
frame_0125.jpg,frame_0126.jpg,0.0,same_build_sequence
frame_0126.jpg,frame_0127.jpg,0.0,same_build_sequence
frame_0127.jpg,frame_0128.jpg,0.0,same_build_sequence
frame_0128.jpg,frame_0129.jpg,0.0,same_build_sequence
frame_0129.jpg,frame_0130.jpg,0.0,same_build_sequence
frame_0130.jpg,frame_0131.jpg,0.0,same_build_sequence
frame_0131.jpg,frame_0132.jpg,0.0,same_build_sequence
frame_0132.jpg,frame_0133.jpg,0.0,same_build_sequence
frame_0133.jpg,frame_0134.jpg,0.0,same_build_sequence
frame_0134.jpg,frame_0135.jpg,0.0,same_build_sequence
frame_0135.jpg,frame_0136.jpg,0.0,same_build_sequence
frame_0136.jpg,frame_0137.jpg,0.0,same_build_sequence
frame_0137.jpg,frame_0138.jpg,0.0,same_build_sequence
frame_0138.jpg,frame_0139.jpg,0.0,same_build_sequence
frame_0139.jpg,frame_0140.jpg,0.0,same_build_sequence
frame_0140.jpg,frame_0141.jpg,0.0,same_build_sequence
frame_0141.jpg,frame_0142.jpg,0.0,same_build_sequence
frame_0142.jpg,frame_0143.jpg,0.0,same_build_sequence
frame_0143.jpg,frame_0144.jpg,0.215938,new_slide
frame_0144.jpg,frame_0145.jpg,0.021667,same_build_sequence
frame_0145.jpg,frame_0146.jpg,0.0,same_build_sequence
frame_0146.jpg,frame_0147.jpg,0.0,same_build_sequence
frame_0147.jpg,frame_0148.jpg,0.0,same_build_sequence
frame_0148.jpg,frame_0149.jpg,0.017483,same_build_sequence
frame_0149.jpg,frame_0150.jpg,0.0,same_build_sequence
frame_0150.jpg,frame_0151.jpg,0.0,same_build_sequence
frame_0151.jpg,frame_0152.jpg,0.0,same_build_sequence
frame_0152.jpg,frame_0153.jpg,0.0,same_build_sequence
frame_0153.jpg,frame_0154.jpg,0.0,same_build_sequence
frame_0154.jpg,frame_0155.jpg,0.0,same_build_sequence
frame_0155.jpg,frame_0156.jpg,0.0,same_build_sequence
frame_0156.jpg,frame_0157.jpg,0.0,same_build_sequence
frame_0157.jpg,frame_0158.jpg,0.0,same_build_sequence
frame_0158.jpg,frame_0159.jpg,0.0,same_build_sequence
frame_0159.jpg,frame_0160.jpg,0.0,same_build_sequence
frame_0160.jpg,frame_0161.jpg,0.0,same_build_sequence
frame_0161.jpg,frame_0162.jpg,0.0,same_build_sequence
frame_0162.jpg,frame_0163.jpg,0.0,same_build_sequence
frame_0163.jpg,frame_0164.jpg,0.0,same_build_sequence
frame_0164.jpg,frame_0165.jpg,0.0,same_build_sequence
frame_0165.jpg,frame_0166.jpg,0.0,same_build_sequence
frame_0166.jpg,frame_0167.jpg,0.0,same_build_sequence
frame_0167.jpg,frame_0168.jpg,0.0,same_build_sequence
frame_0168.jpg,frame_0169.jpg,0.0,same_build_sequence
frame_0169.jpg,frame_0170.jpg,0.0,same_build_sequence
frame_0170.jpg,frame_0171.jpg,0.0,same_build_sequence
frame_0171.jpg,frame_0172.jpg,0.0,same_build_sequence
frame_0172.jpg,frame_0173.jpg,0.0,same_build_sequence
frame_0173.jpg,frame_0174.jpg,0.0,same_build_sequence
frame_0174.jpg,frame_0175.jpg,0.0,same_build_sequence
frame_0175.jpg,frame_0176.jpg,0.0,same_build_sequence
frame_0176.jpg,frame_0177.jpg,0.0,same_build_sequence
frame_0177.jpg,frame_0178.jpg,0.0,same_build_sequence
frame_0178.jpg,frame_0179.jpg,0.0,same_build_sequence
frame_0179.jpg,frame_0180.jpg,0.0,same_build_sequence
frame_0180.jpg,frame_0181.jpg,0.0,same_build_sequence
frame_0181.jpg,frame_0182.jpg,0.0,same_build_sequence
frame_0182.jpg,frame_0183.jpg,0.0,same_build_sequence
frame_0183.jpg,frame_0184.jpg,0.000174,same_build_sequence
frame_0184.jpg,frame_0185.jpg,0.013333,same_build_sequence
frame_0185.jpg,frame_0186.jpg,0.0,same_build_sequence
frame_0186.jpg,frame_0187.jpg,0.0,same_build_sequence
frame_0187.jpg,frame_0188.jpg,0.0,same_build_sequence
frame_0188.jpg,frame_0189.jpg,0.0,same_build_sequence
frame_0189.jpg,frame_0190.jpg,0.0,same_build_sequence
frame_0190.jpg,frame_0191.jpg,0.0,same_build_sequence
frame_0191.jpg,frame_0192.jpg,0.0,same_build_sequence
frame_0192.jpg,frame_0193.jpg,0.0,same_build_sequence
frame_0193.jpg,frame_0194.jpg,0.0,same_build_sequence
frame_0194.jpg,frame_0195.jpg,0.000191,same_build_sequence
frame_0195.jpg,frame_0196.jpg,0.021024,same_build_sequence
frame_0196.jpg,frame_0197.jpg,0.0,same_build_sequence
frame_0197.jpg,frame_0198.jpg,0.0,same_build_sequence
frame_0198.jpg,frame_0199.jpg,0.0,same_build_sequence
frame_0199.jpg,frame_0200.jpg,0.0,same_build_sequence
frame_0200.jpg,frame_0201.jpg,0.0,same_build_sequence
frame_0201.jpg,frame_0202.jpg,0.0,same_build_sequence
frame_0202.jpg,frame_0203.jpg,0.0,same_build_sequence
frame_0203.jpg,frame_0204.jpg,0.0,same_build_sequence
frame_0204.jpg,frame_0205.jpg,0.0,same_build_sequence
frame_0205.jpg,frame_0206.jpg,0.0,same_build_sequence
frame_0206.jpg,frame_0207.jpg,0.0,same_build_sequence
frame_0207.jpg,frame_0208.jpg,0.0,same_build_sequence
frame_0208.jpg,frame_0209.jpg,0.0,same_build_sequence
frame_0209.jpg,frame_0210.jpg,0.0,same_build_sequence
frame_0210.jpg,frame_0211.jpg,0.0,same_build_sequence
frame_0211.jpg,frame_0212.jpg,0.0,same_build_sequence
frame_0212.jpg,frame_0213.jpg,0.0,same_build_sequence
frame_0213.jpg,frame_0214.jpg,0.0,same_build_sequence
frame_0214.jpg,frame_0215.jpg,0.0,same_build_sequence
frame_0215.jpg,frame_0216.jpg,0.0,same_build_sequence
frame_0216.jpg,frame_0217.jpg,0.0,same_build_sequence
frame_0217.jpg,frame_0218.jpg,0.0,same_build_sequence
frame_0218.jpg,frame_0219.jpg,0.0,same_build_sequence
frame_0219.jpg,frame_0220.jpg,0.0,same_build_sequence
frame_0220.jpg,frame_0221.jpg,0.0,same_build_sequence
frame_0221.jpg,frame_0222.jpg,0.0,same_build_sequence
frame_0222.jpg,frame_0223.jpg,0.077882,new_slide
frame_0223.jpg,frame_0224.jpg,0.026458,same_build_sequence
frame_0224.jpg,frame_0225.jpg,0.0,same_build_sequence
frame_0225.jpg,frame_0226.jpg,0.0,same_build_sequence
frame_0226.jpg,frame_0227.jpg,0.0,same_build_sequence
frame_0227.jpg,frame_0228.jpg,0.0,same_build_sequence
frame_0228.jpg,frame_0229.jpg,0.0,same_build_sequence
frame_0229.jpg,frame_0230.jpg,8.7e-05,same_build_sequence
frame_0230.jpg,frame_0231.jpg,0.007708,same_build_sequence
frame_0231.jpg,frame_0232.jpg,0.0,same_build_sequence
frame_0232.jpg,frame_0233.jpg,0.0,same_build_sequence
frame_0233.jpg,frame_0234.jpg,0.0,same_build_sequence
frame_0234.jpg,frame_0235.jpg,5.2e-05,same_build_sequence
frame_0235.jpg,frame_0236.jpg,0.008177,same_build_sequence
frame_0236.jpg,frame_0237.jpg,0.0,same_build_sequence
frame_0237.jpg,frame_0238.jpg,0.0,same_build_sequence
frame_0238.jpg,frame_0239.jpg,0.0,same_build_sequence
frame_0239.jpg,frame_0240.jpg,0.0,same_build_sequence
frame_0240.jpg,frame_0241.jpg,0.0,same_build_sequence
frame_0241.jpg,frame_0242.jpg,0.0,same_build_sequence
frame_0242.jpg,frame_0243.jpg,0.0,same_build_sequence
frame_0243.jpg,frame_0244.jpg,0.0,same_build_sequence
frame_0244.jpg,frame_0245.jpg,0.0,same_build_sequence
frame_0245.jpg,frame_0246.jpg,0.0,same_build_sequence
frame_0246.jpg,frame_0247.jpg,0.014149,same_build_sequence
frame_0247.jpg,frame_0248.jpg,0.0,same_build_sequence
frame_0248.jpg,frame_0249.jpg,0.0,same_build_sequence
frame_0249.jpg,frame_0250.jpg,0.0,same_build_sequence
frame_0250.jpg,frame_0251.jpg,0.0,same_build_sequence
frame_0251.jpg,frame_0252.jpg,0.0,same_build_sequence
frame_0252.jpg,frame_0253.jpg,0.0,same_build_sequence
frame_0253.jpg,frame_0254.jpg,0.0,same_build_sequence
frame_0254.jpg,frame_0255.jpg,0.0,same_build_sequence
frame_0255.jpg,frame_0256.jpg,0.0,same_build_sequence
frame_0256.jpg,frame_0257.jpg,0.0,same_build_sequence
frame_0257.jpg,frame_0258.jpg,0.0,same_build_sequence
frame_0258.jpg,frame_0259.jpg,0.0,same_build_sequence
frame_0259.jpg,frame_0260.jpg,0.0,same_build_sequence
frame_0260.jpg,frame_0261.jpg,0.000538,same_build_sequence
frame_0261.jpg,frame_0262.jpg,0.016649,same_build_sequence
frame_0262.jpg,frame_0263.jpg,0.0,same_build_sequence
frame_0263.jpg,frame_0264.jpg,0.0,same_build_sequence
frame_0264.jpg,frame_0265.jpg,0.0,same_build_sequence
frame_0265.jpg,frame_0266.jpg,0.0,same_build_sequence
frame_0266.jpg,frame_0267.jpg,0.0,same_build_sequence
frame_0267.jpg,frame_0268.jpg,0.0,same_build_sequence
frame_0268.jpg,frame_0269.jpg,0.0,same_build_sequence
frame_0269.jpg,frame_0270.jpg,0.0,same_build_sequence
frame_0270.jpg,frame_0271.jpg,0.0,same_build_sequence
frame_0271.jpg,frame_0272.jpg,0.0,same_build_sequence
frame_0272.jpg,frame_0273.jpg,0.0,same_build_sequence
frame_0273.jpg,frame_0274.jpg,0.0,same_build_sequence
frame_0274.jpg,frame_0275.jpg,0.0,same_build_sequence
frame_0275.jpg,frame_0276.jpg,0.0,same_build_sequence
frame_0276.jpg,frame_0277.jpg,0.0,same_build_sequence
frame_0277.jpg,frame_0278.jpg,0.0,same_build_sequence
frame_0278.jpg,frame_0279.jpg,0.0,same_build_sequence
frame_0279.jpg,frame_0280.jpg,0.0,same_build_sequence
frame_0280.jpg,frame_0281.jpg,0.0,same_build_sequence
frame_0281.jpg,frame_0282.jpg,0.0,same_build_sequence
frame_0282.jpg,frame_0283.jpg,0.0,same_build_sequence
frame_0283.jpg,frame_0284.jpg,0.0,same_build_sequence
frame_0284.jpg,frame_0285.jpg,0.008507,same_build_sequence
frame_0285.jpg,frame_0286.jpg,0.0,same_build_sequence
frame_0286.jpg,frame_0287.jpg,0.0,same_build_sequence
frame_0287.jpg,frame_0288.jpg,0.0,same_build_sequence
frame_0288.jpg,frame_0289.jpg,0.060208,new_slide
frame_0289.jpg,frame_0290.jpg,0.0,same_build_sequence
frame_0290.jpg,frame_0291.jpg,0.0,same_build_sequence
frame_0291.jpg,frame_0292.jpg,0.0,same_build_sequence
frame_0292.jpg,frame_0293.jpg,0.0,same_build_sequence
frame_0293.jpg,frame_0294.jpg,0.0,same_build_sequence
frame_0294.jpg,frame_0295.jpg,0.0,same_build_sequence
frame_0295.jpg,frame_0296.jpg,0.0,same_build_sequence
frame_0296.jpg,frame_0297.jpg,0.0,same_build_sequence
frame_0297.jpg,frame_0298.jpg,0.0,same_build_sequence
frame_0298.jpg,frame_0299.jpg,0.0,same_build_sequence
frame_0299.jpg,frame_0300.jpg,0.0,same_build_sequence
frame_0300.jpg,frame_0301.jpg,0.0,same_build_sequence
frame_0301.jpg,frame_0302.jpg,0.145955,new_slide
frame_0302.jpg,frame_0303.jpg,0.005642,same_build_sequence
frame_0303.jpg,frame_0304.jpg,0.003854,same_build_sequence
frame_0304.jpg,frame_0305.jpg,0.0,same_build_sequence
frame_0305.jpg,frame_0306.jpg,0.0,same_build_sequence
frame_0306.jpg,frame_0307.jpg,0.0,same_build_sequence
frame_0307.jpg,frame_0308.jpg,0.0,same_build_sequence
frame_0308.jpg,frame_0309.jpg,0.0,same_build_sequence
frame_0309.jpg,frame_0310.jpg,0.0,same_build_sequence
frame_0310.jpg,frame_0311.jpg,0.0,same_build_sequence
frame_0311.jpg,frame_0312.jpg,0.0,same_build_sequence
frame_0312.jpg,frame_0313.jpg,0.0,same_build_sequence
frame_0313.jpg,frame_0314.jpg,0.0,same_build_sequence
frame_0314.jpg,frame_0315.jpg,0.0,same_build_sequence
frame_0315.jpg,frame_0316.jpg,0.0,same_build_sequence
frame_0316.jpg,frame_0317.jpg,0.0,same_build_sequence
frame_0317.jpg,frame_0318.jpg,0.0,same_build_sequence
frame_0318.jpg,frame_0319.jpg,0.0,same_build_sequence
frame_0319.jpg,frame_0320.jpg,0.0,same_build_sequence
frame_0320.jpg,frame_0321.jpg,0.0,same_build_sequence
frame_0321.jpg,frame_0322.jpg,0.0,same_build_sequence
frame_0322.jpg,frame_0323.jpg,0.0,same_build_sequence
frame_0323.jpg,frame_0324.jpg,0.0,same_build_sequence
frame_0324.jpg,frame_0325.jpg,0.0,same_build_sequence
frame_0325.jpg,frame_0326.jpg,0.0,same_build_sequence
frame_0326.jpg,frame_0327.jpg,0.0,same_build_sequence
frame_0327.jpg,frame_0328.jpg,0.0,same_build_sequence
frame_0328.jpg,frame_0329.jpg,0.0,same_build_sequence
frame_0329.jpg,frame_0330.jpg,0.0,same_build_sequence
frame_0330.jpg,frame_0331.jpg,0.0,same_build_sequence
frame_0331.jpg,frame_0332.jpg,0.0,same_build_sequence
frame_0332.jpg,frame_0333.jpg,0.026667,same_build_sequence
frame_0333.jpg,frame_0334.jpg,0.0,same_build_sequence
frame_0334.jpg,frame_0335.jpg,0.0,same_build_sequence
frame_0335.jpg,frame_0336.jpg,0.0,same_build_sequence
frame_0336.jpg,frame_0337.jpg,0.0,same_build_sequence
frame_0337.jpg,frame_0338.jpg,0.0,same_build_sequence
frame_0338.jpg,frame_0339.jpg,0.0,same_build_sequence
frame_0339.jpg,frame_0340.jpg,0.0,same_build_sequence
frame_0340.jpg,frame_0341.jpg,0.0,same_build_sequence
frame_0341.jpg,frame_0342.jpg,0.0,same_build_sequence
frame_0342.jpg,frame_0343.jpg,0.0,same_build_sequence
frame_0343.jpg,frame_0344.jpg,0.0,same_build_sequence
frame_0344.jpg,frame_0345.jpg,0.0,same_build_sequence
frame_0345.jpg,frame_0346.jpg,0.0,same_build_sequence
frame_0346.jpg,frame_0347.jpg,0.0,same_build_sequence
frame_0347.jpg,frame_0348.jpg,0.008819,same_build_sequence
frame_0348.jpg,frame_0349.jpg,0.0,same_build_sequence
frame_0349.jpg,frame_0350.jpg,0.0,same_build_sequence
frame_0350.jpg,frame_0351.jpg,0.0,same_build_sequence
frame_0351.jpg,frame_0352.jpg,0.0,same_build_sequence
frame_0352.jpg,frame_0353.jpg,0.0,same_build_sequence
frame_0353.jpg,frame_0354.jpg,0.0,same_build_sequence
frame_0354.jpg,frame_0355.jpg,0.0,same_build_sequence
frame_0355.jpg,frame_0356.jpg,0.0,same_build_sequence
frame_0356.jpg,frame_0357.jpg,0.0,same_build_sequence
frame_0357.jpg,frame_0358.jpg,0.0,same_build_sequence
frame_0358.jpg,frame_0359.jpg,0.0,same_build_sequence
frame_0359.jpg,frame_0360.jpg,0.0,same_build_sequence
frame_0360.jpg,frame_0361.jpg,0.0,same_build_sequence
frame_0361.jpg,frame_0362.jpg,0.0,same_build_sequence
frame_0362.jpg,frame_0363.jpg,0.0,same_build_sequence
frame_0363.jpg,frame_0364.jpg,0.0,same_build_sequence
frame_0364.jpg,frame_0365.jpg,0.0,same_build_sequence
frame_0365.jpg,frame_0366.jpg,0.0,same_build_sequence
frame_0366.jpg,frame_0367.jpg,0.0,same_build_sequence
frame_0367.jpg,frame_0368.jpg,0.0,same_build_sequence
frame_0368.jpg,frame_0369.jpg,0.0,same_build_sequence
frame_0369.jpg,frame_0370.jpg,0.0,same_build_sequence
frame_0370.jpg,frame_0371.jpg,0.0,same_build_sequence
frame_0371.jpg,frame_0372.jpg,0.0,same_build_sequence
frame_0372.jpg,frame_0373.jpg,0.0,same_build_sequence
frame_0373.jpg,frame_0374.jpg,0.0,same_build_sequence
frame_0374.jpg,frame_0375.jpg,8.7e-05,same_build_sequence
frame_0375.jpg,frame_0376.jpg,0.010052,same_build_sequence
frame_0376.jpg,frame_0377.jpg,0.0,same_build_sequence
frame_0377.jpg,frame_0378.jpg,0.0,same_build_sequence
frame_0378.jpg,frame_0379.jpg,0.0,same_build_sequence
frame_0379.jpg,frame_0380.jpg,0.0,same_build_sequence
frame_0380.jpg,frame_0381.jpg,0.0,same_build_sequence
frame_0381.jpg,frame_0382.jpg,0.0,same_build_sequence
frame_0382.jpg,frame_0383.jpg,0.0,same_build_sequence
frame_0383.jpg,frame_0384.jpg,0.0,same_build_sequence
frame_0384.jpg,frame_0385.jpg,0.0,same_build_sequence
frame_0385.jpg,frame_0386.jpg,0.0,same_build_sequence
frame_0386.jpg,frame_0387.jpg,0.0,same_build_sequence
frame_0387.jpg,frame_0388.jpg,0.0,same_build_sequence
frame_0388.jpg,frame_0389.jpg,0.0,same_build_sequence
frame_0389.jpg,frame_0390.jpg,0.0,same_build_sequence
frame_0390.jpg,frame_0391.jpg,0.0,same_build_sequence
frame_0391.jpg,frame_0392.jpg,0.0,same_build_sequence
frame_0392.jpg,frame_0393.jpg,0.0,same_build_sequence
frame_0393.jpg,frame_0394.jpg,0.0,same_build_sequence
frame_0394.jpg,frame_0395.jpg,0.0,same_build_sequence
frame_0395.jpg,frame_0396.jpg,0.0,same_build_sequence
frame_0396.jpg,frame_0397.jpg,0.0,same_build_sequence
frame_0397.jpg,frame_0398.jpg,0.0,same_build_sequence
frame_0398.jpg,frame_0399.jpg,0.0,same_build_sequence
frame_0399.jpg,frame_0400.jpg,0.000208,same_build_sequence
frame_0400.jpg,frame_0401.jpg,0.011181,same_build_sequence
frame_0401.jpg,frame_0402.jpg,0.0,same_build_sequence
frame_0402.jpg,frame_0403.jpg,0.0,same_build_sequence
frame_0403.jpg,frame_0404.jpg,0.0,same_build_sequence
frame_0404.jpg,frame_0405.jpg,0.0,same_build_sequence
frame_0405.jpg,frame_0406.jpg,0.0,same_build_sequence
frame_0406.jpg,frame_0407.jpg,0.0,same_build_sequence
frame_0407.jpg,frame_0408.jpg,0.0,same_build_sequence
frame_0408.jpg,frame_0409.jpg,0.0,same_build_sequence
frame_0409.jpg,frame_0410.jpg,0.0,same_build_sequence
frame_0410.jpg,frame_0411.jpg,0.0,same_build_sequence
frame_0411.jpg,frame_0412.jpg,0.0,same_build_sequence
frame_0412.jpg,frame_0413.jpg,0.0,same_build_sequence
frame_0413.jpg,frame_0414.jpg,0.0,same_build_sequence
frame_0414.jpg,frame_0415.jpg,0.0,same_build_sequence
frame_0415.jpg,frame_0416.jpg,0.0,same_build_sequence
frame_0416.jpg,frame_0417.jpg,0.0,same_build_sequence
frame_0417.jpg,frame_0418.jpg,0.0,same_build_sequence
frame_0418.jpg,frame_0419.jpg,0.0,same_build_sequence
frame_0419.jpg,frame_0420.jpg,0.000399,same_build_sequence
frame_0420.jpg,frame_0421.jpg,0.033368,same_build_sequence
frame_0421.jpg,frame_0422.jpg,0.0,same_build_sequence
frame_0422.jpg,frame_0423.jpg,0.0,same_build_sequence
frame_0423.jpg,frame_0424.jpg,0.0,same_build_sequence
frame_0424.jpg,frame_0425.jpg,0.0,same_build_sequence
frame_0425.jpg,frame_0426.jpg,0.0,same_build_sequence
frame_0426.jpg,frame_0427.jpg,0.0,same_build_sequence
frame_0427.jpg,frame_0428.jpg,0.0,same_build_sequence
frame_0428.jpg,frame_0429.jpg,0.0,same_build_sequence
frame_0429.jpg,frame_0430.jpg,0.0,same_build_sequence
frame_0430.jpg,frame_0431.jpg,0.0,same_build_sequence
frame_0431.jpg,frame_0432.jpg,0.0,same_build_sequence
frame_0432.jpg,frame_0433.jpg,0.0,same_build_sequence
frame_0433.jpg,frame_0434.jpg,0.0,same_build_sequence
frame_0434.jpg,frame_0435.jpg,0.0,same_build_sequence
frame_0435.jpg,frame_0436.jpg,0.0,same_build_sequence
frame_0436.jpg,frame_0437.jpg,0.0,same_build_sequence
frame_0437.jpg,frame_0438.jpg,0.0,same_build_sequence
frame_0438.jpg,frame_0439.jpg,0.0,same_build_sequence
frame_0439.jpg,frame_0440.jpg,0.0,same_build_sequence
frame_0440.jpg,frame_0441.jpg,0.0,same_build_sequence
frame_0441.jpg,frame_0442.jpg,0.0,same_build_sequence
frame_0442.jpg,frame_0443.jpg,0.0,same_build_sequence
frame_0443.jpg,frame_0444.jpg,0.017656,same_build_sequence
frame_0444.jpg,frame_0445.jpg,0.0,same_build_sequence
frame_0445.jpg,frame_0446.jpg,0.0,same_build_sequence
frame_0446.jpg,frame_0447.jpg,0.0,same_build_sequence
frame_0447.jpg,frame_0448.jpg,0.0,same_build_sequence
frame_0448.jpg,frame_0449.jpg,0.0,same_build_sequence
frame_0449.jpg,frame_0450.jpg,0.0,same_build_sequence
frame_0450.jpg,frame_0451.jpg,0.0,same_build_sequence
frame_0451.jpg,frame_0452.jpg,0.115573,new_slide
frame_0452.jpg,frame_0453.jpg,0.002951,same_build_sequence
frame_0453.jpg,frame_0454.jpg,0.0,same_build_sequence
frame_0454.jpg,frame_0455.jpg,0.0,same_build_sequence
frame_0455.jpg,frame_0456.jpg,0.0,same_build_sequence
frame_0456.jpg,frame_0457.jpg,0.0,same_build_sequence
frame_0457.jpg,frame_0458.jpg,0.0,same_build_sequence
frame_0458.jpg,frame_0459.jpg,0.0,same_build_sequence
frame_0459.jpg,frame_0460.jpg,0.0,same_build_sequence
frame_0460.jpg,frame_0461.jpg,0.0,same_build_sequence
frame_0461.jpg,frame_0462.jpg,0.0,same_build_sequence
frame_0462.jpg,frame_0463.jpg,0.0,same_build_sequence
frame_0463.jpg,frame_0464.jpg,0.0,same_build_sequence
frame_0464.jpg,frame_0465.jpg,0.0,same_build_sequence
frame_0465.jpg,frame_0466.jpg,0.0,same_build_sequence
frame_0466.jpg,frame_0467.jpg,0.0,same_build_sequence
frame_0467.jpg,frame_0468.jpg,0.0,same_build_sequence
frame_0468.jpg,frame_0469.jpg,0.0,same_build_sequence
frame_0469.jpg,frame_0470.jpg,0.0,same_build_sequence
frame_0470.jpg,frame_0471.jpg,0.0,same_build_sequence
frame_0471.jpg,frame_0472.jpg,0.0,same_build_sequence
frame_0472.jpg,frame_0473.jpg,0.0,same_build_sequence
frame_0473.jpg,frame_0474.jpg,0.0,same_build_sequence
frame_0474.jpg,frame_0475.jpg,0.0,same_build_sequence
frame_0475.jpg,frame_0476.jpg,0.0,same_build_sequence
frame_0476.jpg,frame_0477.jpg,0.0,same_build_sequence
frame_0477.jpg,frame_0478.jpg,0.0,same_build_sequence
frame_0478.jpg,frame_0479.jpg,0.0,same_build_sequence
frame_0479.jpg,frame_0480.jpg,0.0,same_build_sequence
frame_0480.jpg,frame_0481.jpg,0.0,same_build_sequence
frame_0481.jpg,frame_0482.jpg,0.0,same_build_sequence
frame_0482.jpg,frame_0483.jpg,0.0,same_build_sequence
frame_0483.jpg,frame_0484.jpg,0.0,same_build_sequence
frame_0484.jpg,frame_0485.jpg,0.0,same_build_sequence
frame_0485.jpg,frame_0486.jpg,0.0,same_build_sequence
frame_0486.jpg,frame_0487.jpg,0.0,same_build_sequence
frame_0487.jpg,frame_0488.jpg,0.0,same_build_sequence
frame_0488.jpg,frame_0489.jpg,0.0,same_build_sequence
frame_0489.jpg,frame_0490.jpg,0.0,same_build_sequence
frame_0490.jpg,frame_0491.jpg,0.0,same_build_sequence
frame_0491.jpg,frame_0492.jpg,0.0,same_build_sequence
frame_0492.jpg,frame_0493.jpg,0.0,same_build_sequence
frame_0493.jpg,frame_0494.jpg,0.0,same_build_sequence
frame_0494.jpg,frame_0495.jpg,0.0,same_build_sequence
frame_0495.jpg,frame_0496.jpg,0.0,same_build_sequence
frame_0496.jpg,frame_0497.jpg,0.0,same_build_sequence
frame_0497.jpg,frame_0498.jpg,0.0,same_build_sequence
frame_0498.jpg,frame_0499.jpg,0.0,same_build_sequence
frame_0499.jpg,frame_0500.jpg,0.0,same_build_sequence
frame_0500.jpg,frame_0501.jpg,0.0,same_build_sequence
frame_0501.jpg,frame_0502.jpg,0.0,same_build_sequence
frame_0502.jpg,frame_0503.jpg,0.0,same_build_sequence
frame_0503.jpg,frame_0504.jpg,0.0,same_build_sequence
frame_0504.jpg,frame_0505.jpg,0.0,same_build_sequence
frame_0505.jpg,frame_0506.jpg,0.0,same_build_sequence
frame_0506.jpg,frame_0507.jpg,0.0,same_build_sequence
frame_0507.jpg,frame_0508.jpg,0.116094,new_slide
frame_0508.jpg,frame_0509.jpg,0.0,same_build_sequence
frame_0509.jpg,frame_0510.jpg,0.0,same_build_sequence
frame_0510.jpg,frame_0511.jpg,0.0,same_build_sequence
frame_0511.jpg,frame_0512.jpg,0.0,same_build_sequence
frame_0512.jpg,frame_0513.jpg,0.0,same_build_sequence
frame_0513.jpg,frame_0514.jpg,0.0,same_build_sequence
frame_0514.jpg,frame_0515.jpg,0.0,same_build_sequence
frame_0515.jpg,frame_0516.jpg,0.0,same_build_sequence
frame_0516.jpg,frame_0517.jpg,0.0,same_build_sequence
frame_0517.jpg,frame_0518.jpg,0.0,same_build_sequence
frame_0518.jpg,frame_0519.jpg,0.0,same_build_sequence
frame_0519.jpg,frame_0520.jpg,0.0,same_build_sequence
frame_0520.jpg,frame_0521.jpg,0.0,same_build_sequence
frame_0521.jpg,frame_0522.jpg,0.0,same_build_sequence
frame_0522.jpg,frame_0523.jpg,0.0,same_build_sequence
frame_0523.jpg,frame_0524.jpg,0.0,same_build_sequence
frame_0524.jpg,frame_0525.jpg,0.0,same_build_sequence
frame_0525.jpg,frame_0526.jpg,0.0,same_build_sequence
frame_0526.jpg,frame_0527.jpg,0.0,same_build_sequence
frame_0527.jpg,frame_0528.jpg,0.0,same_build_sequence
frame_0528.jpg,frame_0529.jpg,0.123906,new_slide
frame_0529.jpg,frame_0530.jpg,0.0,same_build_sequence
frame_0530.jpg,frame_0531.jpg,0.0,same_build_sequence
frame_0531.jpg,frame_0532.jpg,0.0,same_build_sequence
frame_0532.jpg,frame_0533.jpg,0.0,same_build_sequence
frame_0533.jpg,frame_0534.jpg,0.0,same_build_sequence
frame_0534.jpg,frame_0535.jpg,0.0,same_build_sequence
frame_0535.jpg,frame_0536.jpg,0.0,same_build_sequence
frame_0536.jpg,frame_0537.jpg,0.0,same_build_sequence
frame_0537.jpg,frame_0538.jpg,0.0,same_build_sequence
frame_0538.jpg,frame_0539.jpg,0.0,same_build_sequence
frame_0539.jpg,frame_0540.jpg,0.0,same_build_sequence
frame_0540.jpg,frame_0541.jpg,0.0,same_build_sequence
frame_0541.jpg,frame_0542.jpg,0.0,same_build_sequence
frame_0542.jpg,frame_0543.jpg,0.0,same_build_sequence
frame_0543.jpg,frame_0544.jpg,0.0,same_build_sequence
frame_0544.jpg,frame_0545.jpg,0.0,same_build_sequence
frame_0545.jpg,frame_0546.jpg,0.0,same_build_sequence
frame_0546.jpg,frame_0547.jpg,0.0,same_build_sequence
frame_0547.jpg,frame_0548.jpg,0.248385,new_slide
frame_0548.jpg,frame_0549.jpg,0.017118,same_build_sequence
frame_0549.jpg,frame_0550.jpg,0.011615,same_build_sequence
frame_0550.jpg,frame_0551.jpg,0.0,same_build_sequence
