id,value
0,0.0
1,1.5
2,3.0
3,4.5
4,6.0
5,7.5
6,9.0
7,10.5
8,12.0
9,13.5
10,15.0
11,16.5
12,18.0
13,19.5
14,21.0
15,22.5
16,24.0
17,25.5
18,27.0
19,28.5
20,30.0
21,31.5
22,33.0
23,34.5
24,36.0
25,37.5
26,39.0
27,40.5
28,42.0
29,43.5
30,45.0
31,46.5
32,48.0
33,49.5
34,51.0
35,52.5
36,54.0
37,55.5
38,57.0
39,58.5
40,60.0
41,61.5
42,63.0
43,64.5
44,66.0
45,67.5
46,69.0
47,70.5
48,72.0
49,73.5
50,75.0
51,76.5
52,78.0
53,79.5
54,81.0
55,82.5
56,84.0
57,85.5
58,87.0
59,88.5
60,90.0
61,91.5
62,93.0
63,94.5
64,96.0
65,97.5
66,99.0
67,100.5
68,102.0
69,103.5
70,105.0
71,106.5
72,108.0
73,109.5
74,111.0
75,112.5
76,114.0
77,115.5
78,117.0
79,118.5
80,120.0
81,121.5
82,123.0
83,124.5
84,126.0
85,127.5
86,129.0
87,130.5
88,132.0
89,133.5
90,135.0
91,136.5
92,138.0
93,139.5
94,141.0
95,142.5
96,144.0
97,145.5
98,147.0
99,148.5
100,150.0
101,151.5
102,153.0
103,154.5
104,156.0
105,157.5
106,159.0
107,160.5
108,162.0
109,163.5
110,165.0
111,166.5
112,168.0
113,169.5
114,171.0
115,172.5
116,174.0
117,175.5
118,177.0
119,178.5
120,180.0
121,181.5
122,183.0
123,184.5
124,186.0
125,187.5
126,189.0
127,190.5
128,192.0
129,193.5
130,195.0
131,196.5
132,198.0
133,199.5
134,201.0
135,202.5
136,204.0
137,205.5
138,207.0
139,208.5
140,210.0
141,211.5
142,213.0
143,214.5
144,216.0
145,217.5
146,219.0
147,220.5
148,222.0
149,223.5
150,225.0
151,226.5
152,228.0
153,229.5
154,231.0
155,232.5
156,234.0
157,235.5
158,237.0
159,238.5
160,240.0
161,241.5
162,243.0
163,244.5
164,246.0
165,247.5
166,249.0
167,250.5
168,252.0
169,253.5
170,255.0
171,256.5
172,258.0
173,259.5
174,261.0
175,262.5
176,264.0
177,265.5
178,267.0
179,268.5
180,270.0
181,271.5
182,273.0
183,274.5
184,276.0
185,277.5
186,279.0
187,280.5
188,282.0
189,283.5
190,285.0
191,286.5
192,288.0
193,289.5
194,291.0
195,292.5
196,294.0
197,295.5
198,297.0
199,298.5
200,300.0
201,301.5
202,303.0
203,304.5
204,306.0
205,307.5
206,309.0
207,310.5
208,312.0
209,313.5
210,315.0
211,316.5
212,318.0
213,319.5
214,321.0
215,322.5
216,324.0
217,325.5
218,327.0
219,328.5
220,330.0
221,331.5
222,333.0
223,334.5
224,336.0
225,337.5
226,339.0
227,340.5
228,342.0
229,343.5
230,345.0
231,346.5
232,348.0
233,349.5
234,351.0
235,352.5
236,354.0
237,355.5
238,357.0
239,358.5
240,360.0
241,361.5
242,363.0
243,364.5
244,366.0
245,367.5
246,369.0
247,370.5
248,372.0
249,373.5
250,375.0
251,376.5
252,378.0
253,379.5
254,381.0
255,382.5
256,384.0
257,385.5
258,387.0
259,388.5
260,390.0
261,391.5
262,393.0
263,394.5
264,396.0
265,397.5
266,399.0
267,400.5
268,402.0
269,403.5
270,405.0
271,406.5
272,408.0
273,409.5
274,411.0
275,412.5
276,414.0
277,415.5
278,417.0
279,418.5
280,420.0
281,421.5
282,423.0
283,424.5
284,426.0
285,427.5
286,429.0
287,430.5
288,432.0
289,433.5
290,435.0
291,436.5
292,438.0
293,439.5
294,441.0
295,442.5
296,444.0
297,445.5
298,447.0
299,448.5
300,450.0
301,451.5
302,453.0
303,454.5
304,456.0
305,457.5
306,459.0
307,460.5
308,462.0
309,463.5
310,465.0
311,466.5
312,468.0
313,469.5
314,471.0
315,472.5
316,474.0
317,475.5
318,477.0
319,478.5
320,480.0
321,481.5
322,483.0
323,484.5
324,486.0
325,487.5
326,489.0
327,490.5
328,492.0
329,493.5
330,495.0
331,496.5
332,498.0
333,499.5
334,501.0
335,502.5
336,504.0
337,505.5
338,507.0
339,508.5
340,510.0
341,511.5
342,513.0
343,514.5
344,516.0
345,517.5
346,519.0
347,520.5
348,522.0
349,523.5
350,525.0
351,526.5
352,528.0
353,529.5
354,531.0
355,532.5
356,534.0
357,535.5
358,537.0
359,538.5
360,540.0
361,541.5
362,543.0
363,544.5
364,546.0
365,547.5
366,549.0
367,550.5
368,552.0
369,553.5
370,555.0
371,556.5
372,558.0
373,559.5
374,561.0
375,562.5
376,564.0
377,565.5
378,567.0
379,568.5
380,570.0
381,571.5
382,573.0
383,574.5
384,576.0
385,577.5
386,579.0
387,580.5
388,582.0
389,583.5
390,585.0
391,586.5
392,588.0
393,589.5
394,591.0
395,592.5
396,594.0
397,595.5
398,597.0
399,598.5
400,600.0
401,601.5
402,603.0
403,604.5
404,606.0
405,607.5
406,609.0
407,610.5
408,612.0
409,613.5
410,615.0
411,616.5
412,618.0
413,619.5
414,621.0
415,622.5
416,624.0
417,625.5
418,627.0
419,628.5
420,630.0
421,631.5
422,633.0
423,634.5
424,636.0
425,637.5
426,639.0
427,640.5
428,642.0
429,643.5
430,645.0
431,646.5
432,648.0
433,649.5
434,651.0
435,652.5
436,654.0
437,655.5
438,657.0
439,658.5
440,660.0
441,661.5
442,663.0
443,664.5
444,666.0
445,667.5
446,669.0
447,670.5
448,672.0
449,673.5
450,675.0
451,676.5
452,678.0
453,679.5
454,681.0
455,682.5
456,684.0
457,685.5
458,687.0
459,688.5
460,690.0
461,691.5
462,693.0
463,694.5
464,696.0
465,697.5
466,699.0
467,700.5
468,702.0
469,703.5
470,705.0
471,706.5
472,708.0
473,709.5
474,711.0
475,712.5
476,714.0
477,715.5
478,717.0
479,718.5
480,720.0
481,721.5
482,723.0
483,724.5
484,726.0
485,727.5
486,729.0
487,730.5
488,732.0
489,733.5
490,735.0
491,736.5
492,738.0
493,739.5
494,741.0
495,742.5
496,744.0
497,745.5
498,747.0
499,748.5
500,750.0
501,751.5
502,753.0
503,754.5
504,756.0
505,757.5
506,759.0
507,760.5
508,762.0
509,763.5
510,765.0
511,766.5
512,768.0
513,769.5
514,771.0
515,772.5
516,774.0
517,775.5
518,777.0
519,778.5
520,780.0
521,781.5
522,783.0
523,784.5
524,786.0
525,787.5
526,789.0
527,790.5
528,792.0
529,793.5
530,795.0
531,796.5
532,798.0
533,799.5
534,801.0
535,802.5
536,804.0
537,805.5
538,807.0
539,808.5
540,810.0
541,811.5
542,813.0
543,814.5
544,816.0
545,817.5
546,819.0
547,820.5
548,822.0
549,823.5
550,825.0
551,826.5
552,828.0
553,829.5
554,831.0
555,832.5
556,834.0
557,835.5
558,837.0
559,838.5
560,840.0
561,841.5
562,843.0
563,844.5
564,846.0
565,847.5
566,849.0
567,850.5
568,852.0
569,853.5
570,855.0
571,856.5
572,858.0
573,859.5
574,861.0
575,862.5
576,864.0
577,865.5
578,867.0
579,868.5
580,870.0
581,871.5
582,873.0
583,874.5
584,876.0
585,877.5
586,879.0
587,880.5
588,882.0
589,883.5
590,885.0
591,886.5
592,888.0
593,889.5
594,891.0
595,892.5
596,894.0
597,895.5
598,897.0
599,898.5
600,900.0
601,901.5
602,903.0
603,904.5
604,906.0
605,907.5
606,909.0
607,910.5
608,912.0
609,913.5
610,915.0
611,916.5
612,918.0
613,919.5
614,921.0
615,922.5
616,924.0
617,925.5
618,927.0
619,928.5
620,930.0
621,931.5
622,933.0
623,934.5
624,936.0
625,937.5
626,939.0
627,940.5
628,942.0
629,943.5
630,945.0
631,946.5
632,948.0
633,949.5
634,951.0
635,952.5
636,954.0
637,955.5
638,957.0
639,958.5
640,960.0
641,961.5
642,963.0
643,964.5
644,966.0
645,967.5
646,969.0
647,970.5
648,972.0
649,973.5
650,975.0
651,976.5
652,978.0
653,979.5
654,981.0
655,982.5
656,984.0
657,985.5
658,987.0
659,988.5
660,990.0
661,991.5
662,993.0
663,994.5
664,996.0
665,997.5
666,999.0
667,1000.5
668,1002.0
669,1003.5
670,1005.0
671,1006.5
672,1008.0
673,1009.5
674,1011.0
675,1012.5
676,1014.0
677,1015.5
678,1017.0
679,1018.5
680,1020.0
681,1021.5
682,1023.0
683,1024.5
684,1026.0
685,1027.5
686,1029.0
687,1030.5
688,1032.0
689,1033.5
690,1035.0
691,1036.5
692,1038.0
693,1039.5
694,1041.0
695,1042.5
696,1044.0
697,1045.5
698,1047.0
699,1048.5
700,1050.0
701,1051.5
702,1053.0
703,1054.5
704,1056.0
705,1057.5
706,1059.0
707,1060.5
708,1062.0
709,1063.5
710,1065.0
711,1066.5
712,1068.0
713,1069.5
714,1071.0
715,1072.5
716,1074.0
717,1075.5
718,1077.0
719,1078.5
720,1080.0
721,1081.5
722,1083.0
723,1084.5
724,1086.0
725,1087.5
726,1089.0
727,1090.5
728,1092.0
729,1093.5
730,1095.0
731,1096.5
732,1098.0
733,1099.5
734,1101.0
735,1102.5
736,1104.0
737,1105.5
738,1107.0
739,1108.5
740,1110.0
741,1111.5
742,1113.0
743,1114.5
744,1116.0
745,1117.5
746,1119.0
747,1120.5
748,1122.0
749,1123.5
750,1125.0
751,1126.5
752,1128.0
753,1129.5
754,1131.0
755,1132.5
756,1134.0
757,1135.5
758,1137.0
759,1138.5
760,1140.0
761,1141.5
762,1143.0
763,1144.5
764,1146.0
765,1147.5
766,1149.0
767,1150.5
768,1152.0
769,1153.5
770,1155.0
771,1156.5
772,1158.0
773,1159.5
774,1161.0
775,1162.5
776,1164.0
777,1165.5
778,1167.0
779,1168.5
780,1170.0
781,1171.5
782,1173.0
783,1174.5
784,1176.0
785,1177.5
786,1179.0
787,1180.5
788,1182.0
789,1183.5
790,1185.0
791,1186.5
792,1188.0
793,1189.5
794,1191.0
795,1192.5
796,1194.0
797,1195.5
798,1197.0
799,1198.5
800,1200.0
801,1201.5
802,1203.0
803,1204.5
804,1206.0
805,1207.5
806,1209.0
807,1210.5
808,1212.0
809,1213.5
810,1215.0
811,1216.5
812,1218.0
813,1219.5
814,1221.0
815,1222.5
816,1224.0
817,1225.5
818,1227.0
819,1228.5
820,1230.0
821,1231.5
822,1233.0
823,1234.5
824,1236.0
825,1237.5
826,1239.0
827,1240.5
828,1242.0
829,1243.5
830,1245.0
831,1246.5
832,1248.0
833,1249.5
834,1251.0
835,1252.5
836,1254.0
837,1255.5
838,1257.0
839,1258.5
840,1260.0
841,1261.5
842,1263.0
843,1264.5
844,1266.0
845,1267.5
846,1269.0
847,1270.5
848,1272.0
849,1273.5
850,1275.0
851,1276.5
852,1278.0
853,1279.5
854,1281.0
855,1282.5
856,1284.0
857,1285.5
858,1287.0
859,1288.5
860,1290.0
861,1291.5
862,1293.0
863,1294.5
864,1296.0
865,1297.5
866,1299.0
867,1300.5
868,1302.0
869,1303.5
870,1305.0
871,1306.5
872,1308.0
873,1309.5
874,1311.0
875,1312.5
876,1314.0
877,1315.5
878,1317.0
879,1318.5
880,1320.0
881,1321.5
882,1323.0
883,1324.5
884,1326.0
885,1327.5
886,1329.0
887,1330.5
888,1332.0
889,1333.5
890,1335.0
891,1336.5
892,1338.0
893,1339.5
894,1341.0
895,1342.5
896,1344.0
897,1345.5
898,1347.0
899,1348.5
900,1350.0
901,1351.5
902,1353.0
903,1354.5
904,1356.0
905,1357.5
906,1359.0
907,1360.5
908,1362.0
909,1363.5
910,1365.0
911,1366.5
912,1368.0
913,1369.5
914,1371.0
915,1372.5
916,1374.0
917,1375.5
918,1377.0
919,1378.5
920,1380.0
921,1381.5
922,1383.0
923,1384.5
924,1386.0
925,1387.5
926,1389.0
927,1390.5
928,1392.0
929,1393.5
930,1395.0
931,1396.5
932,1398.0
933,1399.5
934,1401.0
935,1402.5
936,1404.0
937,1405.5
938,1407.0
939,1408.5
940,1410.0
941,1411.5
942,1413.0
943,1414.5
944,1416.0
945,1417.5
946,1419.0
947,1420.5
948,1422.0
949,1423.5
950,1425.0
951,1426.5
952,1428.0
953,1429.5
954,1431.0
955,1432.5
956,1434.0
957,1435.5
958,1437.0
959,1438.5
960,1440.0
961,1441.5
962,1443.0
963,1444.5
964,1446.0
965,1447.5
966,1449.0
967,1450.5
968,1452.0
969,1453.5
970,1455.0
971,1456.5
972,1458.0
973,1459.5
974,1461.0
975,1462.5
976,1464.0
977,1465.5
978,1467.0
979,1468.5
980,1470.0
981,1471.5
982,1473.0
983,1474.5
984,1476.0
985,1477.5
986,1479.0
987,1480.5
988,1482.0
989,1483.5
990,1485.0
991,1486.5
992,1488.0
993,1489.5
994,1491.0
995,1492.5
996,1494.0
997,1495.5
998,1497.0
999,1498.5
